{"active": 1, "total": 5204.575645687696, "total_exp": 5216.566262298887, "orderid": "2019-11-01T00:00:00", "ticker": "AAPL", "pos": 86.0, "leftover": 39.5823651884657}